id;amount;transaction_date;sender_address;recipient_address
1;15654.75;2023-11-09T09:22:36;dans la mesure où broum direction;entreprendre quant à correspondre
2;25125.96;2023-11-10T02:49:59;recueillir calme vaste;intrépide ci prononcer
3;8971.93;2023-11-09T07:45:16;jamais au point que bè;extatique
4;25448.91;2023-11-09T19:30:20;dorénavant sombre;oups que avant
5;25464.13;2023-11-09T11:42:13;sur;de façon à ce que exprimer areu areu
6;19902.43;2023-11-09T22:17:40;électorat;cependant
7;30659.49;2023-11-10T06:09:48;résonner cuicui sauf;sauf
8;20443.46;2023-11-09T06:36:24;orange;embrasser partenaire
9;20355.44;2023-11-09T18:56:24;derrière;membre de l’équipe
10;23532.45;2023-11-10T05:46:02;effacer sage;entrevoir claquer d'après
